Word,Count
free,228
entry,28
wkly,14
comp,10
win,72
fa,4
cup,5
final,16
tkts,4
st,31
text,126
receive,33
question,7
std,11
txt,170
rate,30
apply,30
freemsg,14
hey,5
darling,2
week,60
word,25
fun,9
tb,1
ok,5
xxx,12
chgs,1
send,70
å,300
rcv,4
winner,16
valued,11
network,25
customer,49
selected,25
receivea,2
prize,93
reward,11
claim,113
call,370
code,30
kl,2
valid,27
hours,6
mobile,129
months,5
entitled,8
update,21
colour,19
mobiles,13
camera,35
co,54
six,3
chances,2
cash,76
pounds,17
csh,2
cost,24
day,26
days,16
tsandcs,2
reply,104
hl,19
info,18
urgent,63
won,76
membership,2
jackpot,2
www,98
dbuk,2
net,15
lccltd,2
pobox,42
ldnw,5
rw,2
xxxmobilemovieclub,2
credit,9
click,5
wap,11
link,6
message,34
http,21
com,59
qjkgighjjgcbl,1
england,9
macedonia,1
dont,12
miss,7
goals,2
team,4
news,10
ur,144
national,22
eg,11
try,7
wales,1
scotland,1
ì¼,1
poboxox,1
wq,14
thanks,15
subscription,6
ringtone,31
uk,74
charged,12
month,8
please,55
confirm,1
replying,6
yes,21
rodger,1
burns,1
msg,56
tried,17
re,15
sms,36
nokia,71
camcorder,15
delivery,21
tomorrow,10
ac,12
sptv,2
jersey,1
devils,1
detroit,1
red,3
wings,1
play,18
ice,1
hockey,1
correct,4
incorrect,1
congrats,10
special,19
cinema,3
pass,5
suprman,3
matrix,3
starwars,3
etc,7
bx,9
ip,8
pm,31
am,26
pleased,3
advise,3
following,5
recent,3
review,4
mob,25
awarded,38
bonus,21
complimentary,12
trip,4
eurodisinc,2
trav,2
aco,2
dis,2
morefrmmob,2
shracomorsglsuplt,2
ls,6
aj,2
hear,3
divorce,1
barbie,1
comes,3
ken,1
stuff,1
service,56
representative,10
guaranteed,50
waiting,17
collected,2
simply,3
password,3
mix,3
verify,3
usher,2
britney,2
fml,2
gent,2
trying,15
contact,56
weekends,5
draw,39
hrs,25
ppm,49
specially,9
holiday,32
flights,6
inc,8
speak,10
live,29
operator,15
min,43
private,18
account,19
statement,16
unredeemed,4
identifier,16
expires,17
caller,12
landline,32
box,57
wr,1
todays,17
voda,5
award,29
match,6
quoting,5
standard,6
rates,9
app,4
sunshine,8
quiz,15
top,16
sony,8
dvd,7
player,12
country,4
algarve,2
ansr,4
sp,8
tyrone,4
laid,4
tonight,2
real,16
dogging,11
locations,5
sent,10
direct,10
join,16
largest,4
bt,17
txting,10
gravel,1
nt,1
ec,5
ll,4
msgs,9
chat,45
svc,1
hardcore,2
services,17
age,25
yr,13
haven,1
replied,1
randy,2
sexy,15
female,1
local,5
luv,5
netcollex,4
ltd,16
stop,126
annoncement,1
arrange,2
pls,11
bootydelious,2
inviting,6
friend,11
frnd,6
bangbabes,1
download,3
content,14
goto,6
bangb,1
tv,9
internet,1
menu,1
freephone,8
unique,2
th,5
august,2
areyouunique,1
collect,23
tc,10
biz,7
optout,23
gbp,16
mtmsg,5
meet,8
dream,3
partner,5
soon,3
career,1
flyng,1
start,7
horo,2
followed,3
star,2
sign,2
aries,1
date,10
flirt,4
name,17
sam,3
recd,4
thirtyeight,1
pence,3
secret,10
admirer,10
looking,9
reveal,12
congratulations,14
cd,8
vouchers,21
gift,21
music,21
tncs,6
ldew,9
ppmx,8
offer,27
video,32
handset,6
anytime,12
networks,3
mins,47
unlimited,10
horny,7
naked,1
hot,15
unsubscribe,18
changed,1
credits,9
club,21
choose,10
wk,32
po,32
mk,1
wt,1
singles,5
chart,2
quality,2
charge,10
hmv,11
genuine,3
answer,8
easy,13
questions,6
percent,3
phone,46
upgrade,3
pay,1
sim,2
card,4
loyalty,7
thfeb,1
blind,2
rodds,1
aberdeen,1
united,1
kingdom,1
check,4
img,1
icmb,1
cktz,1
dates,2
hide,1
themob,5
selection,5
games,19
tones,30
gossip,1
babes,2
sport,5
fit,1
funky,1
smart,2
weekly,24
cs,44
winnersclub,1
uz,7
december,5
mths,18
germany,3
minute,7
fixed,2
line,35
via,3
access,7
prepayment,2
valentines,2
lifetime,2
rcvd,9
custcare,10
fancy,9
shag,1
sextextuk,1
xxuk,1
suzy,1
txts,13
website,1
balance,9
currently,10
maximize,7
cc,7
hg,11
suite,17
lands,15
row,16
xmas,15
motorola,11
sonyericsson,5
bluetooth,9
double,17
orange,27
mobileupd,16
discount,9
rp,1
messages,13
regalportfolio,1
reference,4
calling,6
available,3
phones,12
dx,2
half,13
price,18
rental,12
mobilesdirect,3
stoptxt,6
poly,20
true,5
tone,60
help,26
xå,1
pw,2
eå,1
nd,21
dating,17
cal,1
sk,13
ch,2
competition,3
txttowin,2
logo,7
lover,2
names,2
joined,2
heart,3
love,10
mobno,2
adam,2
eve,5
yahoo,2
txtno,2
ads,2
contacted,5
entered,6
tf,3
land,18
calls,13
ave,3
vary,6
close,4
post,4
bcm,5
ldn,10
wc,10
xx,16
loan,4
purpose,4
homeowners,3
tenants,4
welcome,10
previously,3
refused,4
upgrdcentre,1
july,2
opt,17
okmail,1
dear,16
dave,2
notice,3
tenerife,7
tcs,4
sae,21
cw,4
wx,8
moan,1
nyt,4
activate,5
terms,9
conditions,4
visit,7
gb,6
ipod,12
mp,6
ibhltd,3
mtmsgrcvd,4
boltblue,1
mono,3
cha,2
slide,1
yeah,1
slow,1
jamz,1
toxic,1
topped,1
bubbletext,1
renewal,1
pin,1
tgxxrz,1
attempt,22
qu,3
worth,13
savamob,14
offers,13
sub,8
unsub,7
recieve,1
channel,2
teletext,1
pg,1
un,12
redeemed,12
applausestore,1
monthlysubscription,1
max,8
csc,1
web,3
ring,4
claims,2
textand,1
chance,27
shopping,8
spree,7
shop,8
pound,7
lines,2
ag,2
promo,2
announcement,6
xclusive,1
clubsaisai,1
morow,1
soiree,1
speciale,1
zouk,1
nichols,1
paris,4
roses,1
ladies,3
kick,3
euro,8
kept,3
results,3
daily,4
removed,1
textbuddy,2
guys,6
search,2
postcode,3
gaytextbuddy,2
vodafone,6
matches,8
voucher,16
holder,6
weeks,9
pc,6
tlp,3
expressoffer,2
ts,11
texts,19
rstm,2
sw,4
ss,4
premium,2
sun,1
posts,1
hello,4
cool,2
gr,9
hi,16
sue,2
lapdancer,1
sex,11
bedroom,1
textoperator,3
da,1
ppmsg,1
forwarded,4
immediately,5
fantastic,7
gage,1
game,9
deck,1
cnupdates,1
newsletter,1
alerts,1
csbcm,3
callcost,3
mobilesvary,2
maxå,3
email,2
alertfrom,1
jeri,1
stewartsize,1
kbsubject,1
low,1
prescripiton,1
drvgsto,1
listen,2
txtauction,6
ctxt,2
subscribed,3
helpline,2
realize,1
thousands,1
running,1
tattoos,1
premier,2
romantic,1
nights,2
book,6
unclaimed,1
closingdate,1
claimcode,1
pmmorefrommobile,1
bremoved,1
mobypobox,1
yf,2
city,3
break,4
summer,8
store,8
skilgme,4
tscs,7
winawk,4
perwksub,3
living,1
life,3
perfect,1
community,2
polyphonic,5
toppoly,1
tune,1
subpoly,3
pole,1
thmarch,1
availa,1
tell,16
mates,13
getzed,10
norm,8
cashto,2
getstop,2
php,2
rg,2
jx,1
outbid,1
simonwatson,1
shinco,1
plyr,1
bid,7
smsrewards,1
notifications,1
smsservices,1
yourinclusive,1
comuk,9
login,5
qxj,4
extra,7
cm,5
ae,4
alfie,3
moon,3
children,3
song,3
charity,9
nokias,3
polys,8
zed,6
profit,3
cust,4
care,5
five,3
wed,1
remove,4
ibiza,4
await,19
collection,26
wp,4
talk,5
friends,5
fall,1
worlds,1
discreet,2
vip,4
yrs,7
supply,3
cds,5
virgin,1
records,5
mystery,1
smsco,2
approx,1
xxxxxx,2
posh,1
birds,1
chaps,1
user,8
trial,1
prods,1
champneys,1
address,4
dob,1
asap,6
ta,1
till,3
drop,2
travel,2
ntt,10
cr,9
fixedline,2
liverpool,3
played,2
mid,2
stopsms,2
reminder,2
downloaded,1
paid,1
doit,1
mymoby,1
lastest,1
stereophonics,1
marley,1
dizzee,1
racal,1
libertines,1
strokes,1
nookii,1
bookmark,1
january,1
male,3
sale,4
gay,6
cheaper,2
cheap,4
peak,2
money,4
lucky,8
million,1
ppt,1
normal,2
jy,1
matthew,1
lux,2
xh,7
hp,5
getting,4
touch,1
folks,1
company,2
enjoy,11
tcr,4
filthy,2
stories,1
girls,5
videophones,5
videochat,5
wid,5
java,5
dload,5
polyph,3
noline,5
rentl,5
panasonic,1
bluetoothhdset,1
doublemins,1
doubletxt,1
contract,4
guess,7
secretly,2
fancies,3
wanna,10
datebox,2
essexcm,2
xn,2
hb,2
flirting,1
girl,5
bloke,1
zoe,1
chatting,2
kickoff,2
informed,2
eastenders,2
flower,2
dot,2
compare,2
violet,2
tulip,2
lily,2
wkent,2
lots,2
people,3
registered,4
flirtparty,1
replys,1
cant,4
revealed,5
wu,4
ve,12
invited,5
xchat,5
sipix,6
digital,8
bp,2
warranty,2
på,2
subscriber,4
receipt,3
ans,6
elvis,1
presleys,1
birthday,1
information,8
log,7
onto,7
urawinner,6
surprise,5
awaiting,8
bored,4
speed,1
speedchat,2
don,11
em,1
swap,1
chatter,1
rcd,1
taking,1
survey,1
yesterday,3
wish,2
forget,2
requests,1
stchoice,1
thank,1
notified,1
luck,6
future,4
marketing,1
virgins,1
ready,6
fil,2
sexual,1
theirs,1
cute,1
takes,4
wrc,4
rally,4
oz,2
lucozade,4
energy,3
le,2
packs,2
itcould,2
pic,14
jordan,4
babe,8
celeb,3
pocketbabe,3
pics,12
voicemail,3
choice,3
enter,10
subs,5
delivered,4
door,1
exp,1
apr,1
nok,2
txtin,4
completely,1
accommodation,1
various,1
global,1
phb,1
ph,2
textcomp,3
hungry,2
feeling,2
set,1
cum,5
moro,1
jane,1
callså,5
minmoremobsemspobox,2
wa,3
jamster,4
videosound,1
gold,1
videosounds,1
logos,2
musicnews,1
lions,3
lionm,2
lionp,2
ringtones,10
original,4
ûïharry,1
potter,2
phoenix,2
harry,2
readers,2
sang,1
uptown,1
george,2
saucy,3
fantasies,6
croydon,7
wb,7
bears,2
nick,1
tom,1
pete,1
dick,1
types,1
photo,3
upload,2
linerental,5
lf,2
msgrcvdhg,4
arsenal,3
dartboard,1
condition,1
doubles,1
trebles,1
textpod,4
pod,4
optin,1
whats,1
bbc,1
charts,1
summers,1
finally,1
matched,1
claire,2
havin,1
borin,1
time,19
nite,4
hope,4
bought,1
costing,2
offering,1
xxxxxxxxx,3
reach,5
latests,1
llc,1
ny,1
usa,1
mt,1
msgrcvd,2
lucy,2
hubby,2
meetins,1
fri,2
hotel,2
cumin,1
leave,2
minmobsmorelkpobox,3
fl,4
credited,1
jsco,2
leadership,1
skills,1
strong,3
psychic,1
vote,1
sing,2
stars,1
karaoke,1
brand,4
arrive,6
shortly,3
install,1
browse,1
artists,1
auction,16
jhl,4
plus,7
ow,1
olympics,1
rt,1
king,4
pro,1
ringtoneking,3
redeemable,1
stay,3
british,2
hotels,2
london,4
eerie,5
rply,5
title,3
dracula,2
titles,3
ghost,2
addamsfa,2
munsters,2
exorcist,2
twilight,2
allow,1
companies,1
bill,3
responsible,1
suppliers,1
feelin,1
kinda,1
lnly,1
jst,1
cam,2
moby,4
hlp,2
action,4
movietrivia,2
rgent,1
lookin,1
daytime,1
wiv,2
busty,1
married,2
woman,1
sort,1
janinexx,1
monthly,1
mobsi,1
digits,1
received,2
sorry,3
sufficient,1
hard,3
connect,2
biggest,3
vu,2
wow,2
boys,2
tour,3
tickets,3
pre,1
trackmarque,1
vipclub,1
mandy,1
sullivan,1
hotmix,1
fm,1
chosen,3
easter,1
telephone,1
transferred,1
else,1
bahamas,4
callfreefone,2
cruise,2
ofå,2
conacted,1
ibh,2
buy,5
space,2
invaders,2
orig,2
arcade,6
console,2
press,3
settings,3
purchase,3
brother,1
alert,4
computer,5
cro,1
foley,2
exciting,4
prizes,4
eye,2
hottest,1
straight,2
wet,2
costs,3
ga,2
hack,1
backdoor,1
fraction,1
neo,1
subscribe,3
dps,1
upto,2
mth,1
tooth,2
wv,1
nearly,1
banned,1
xxxxxxx,3
abta,3
extreme,1
dirty,1
office,1
total,1
privacy,1
sic,1
listening,1
fones,1
wild,1
ill,1
hurry,1
im,7
details,8
rpl,1
cnl,1
tells,2
personal,2
prompts,2
careful,2
vpod,1
minded,1
yourself,1
evening,1
aå,1
minapn,1
bb,1
costa,7
del,9
sol,7
toclaim,6
stockport,6
costå,7
fifa,1
world,1
held,1
enjoyed,2
provided,3
yo,3
downloads,3
fone,5
freefone,4
starting,4
skillgame,3
winaweek,3
ppermesssubscription,3
cast,1
aom,2
er,2
ages,1
qp,4
gender,2
wither,1
la,3
txtx,1
official,5
flag,9
yer,4
eng,4
inclusive,5
hols,2
med,3
stamped,2
self,2
envelope,2
drinks,2
bray,2
wicklow,2
eire,2
starts,4
saturday,7
idew,2
marsms,1
utele,1
buffy,1
satisfy,2
home,2
pix,4
qlynnbv,1
cross,3
ntwk,4
bundle,1
deals,1
avble,1
mf,1
ref,4
ya,1
goten,1
bout,1
scammers,1
regular,1
respond,1
prem,1
nos,1
beware,1
morro,1
term,2
passion,1
dena,1
splashmobile,1
subscrition,1
heard,3
rude,3
wan,4
gettin,2
shagged,2
lost,2
oranges,2
weekend,9
upd,2
stoptx,1
mailbox,2
messaging,2
retrieve,2
pub,2
street,2
duchess,2
cornwall,2
arrow,1
tddnewsletter,1
emc,1
thedailydraw,1
helen,1
dozens,1
prizeswith,1
hv,1
restrictions,1
buddys,1
sir,1
spook,5
halloween,3
fantasy,5
football,2
sky,6
gamestar,2
active,2
scoring,2
register,2
expired,1
monoc,1
monos,1
polyc,1
stream,1
draws,1
town,3
adult,4
becausethey,1
baby,2
nasty,1
filthyguys,1
bitch,1
slo,2
gotto,1
created,1
page,1
asjesus,1
read,1
wrote,1
opinions,1
trivia,1
sppok,1
complementary,1
px,1
sender,1
hol,1
hvae,1
acl,2
mini,1
snap,1
quizclub,1
rwm,1
brought,2
gmw,1
connected,1
amazing,3
picsfree,2
vid,1
keyword,1
ten,1
tarot,1
horniest,1
follow,2
instructions,2
lp,3
knock,2
tkls,1
stoptxtstopå,1
look,3
park,1
response,1
hit,4
include,2
mcfly,1
ab,1
sara,1
jorge,1
shock,1
smith,1
switch,1
sports,2
fans,1
str,2
europe,1
sept,3
ba,1
nnfwfly,1
uks,3
fastest,2
growing,2
tariffs,6
luxury,2
canary,2
islands,2
aq,1
ûï,1
james,1
eh,1
rr,1
women,1
instantly,1
bcmsfwc,1
burger,2
footy,1
stadium,1
super,3
coca,1
cola,1
walk,1
little,3
child,1
afraid,1
dark,1
teenager,1
night,6
ûªve,1
bin,1
instant,1
wins,1
fav,1
mobs,1
breathe,1
crazyin,1
sleepingwith,1
finest,1
ymca,1
interflora,2
åòit,1
late,1
flowers,1
christmas,1
midnight,1
romcapspam,1
responding,1
presence,1
warm,2
outgoing,1
bringing,1
breath,1
crazy,5
frog,2
sound,1
mad,2
sounds,1
reality,2
porn,4
stopbcm,1
sf,1
pdate,1
yhl,1
package,1
resubmit,1
request,1
expiry,1
driving,2
slower,1
idiot,1
faster,1
maniac,1
qf,1
professional,1
tiger,1
woods,1
pt,2
improved,2
chrgd,1
exit,1
unsubscribed,1
tons,1
hunks,1
gotbabes,1
subscriptions,1
abroad,1
lonely,2
xxsp,1
visionsms,2
stopcost,1
agent,1
loads,1
goodies,1
mat,1
lord,1
rings,1
return,1
lotr,2
june,1
soundtrack,1
stdtxtrate,1
feb,1
removal,2
classic,1
lookatme,2
clip,1
mmsto,1
vat,1
cancel,5
deliveredtomorrow,3
minutes,5
fromm,4
hava,1
rct,1
thnq,1
adrian,1
rgds,1
vatian,1
tg,2
missed,2
lose,1
billed,3
mistake,1
shortcode,1
charges,2
refunded,1
truly,3
deltomorrow,1
begin,1
smartcall,1
subscriptn,1
landlineonly,1
save,3
callback,3
orno,1
fink,1
met,1
promised,1
carlie,1
minmobsmore,1
lkpobox,1
movie,2
films,2
wedding,1
lingerie,1
bridal,1
petticoatdreams,1
superb,1
weddingfriend,1
knickers,1
beg,1
nikiyu,1
bloomberg,4
center,2
wait,2
careers,2
greet,2
westlife,2
unbreakable,2
untamed,2
unkempt,2
dorothy,1
kiefer,1
bank,2
granite,2
issues,2
explosive,2
pick,2
nasdaq,2
symbol,2
cdgt,2
ppmpobox,1
bhamb,1
xe,1
thurs,2
sat,2
selling,1
fast,1
rock,1
chik,1
filth,1
saristar,1
yt,1
wire,1
mobcudb,1
banneduk,1
round,1
maximum,1
bids,1
valentine,1
flight,1
rtf,1
sphosting,1
believe,2
incredible,2
learn,2
blow,2
mind,2
fwd,2
willing,1
strt,1
ltdhelpdesk,1
tonights,2
recently,2
unable,2
schedule,2
html,1
mfl,1
wamma,1
doggin,1
dogs,1
promotion,1
txtstar,1
uve,1
wildest,1
class,2
airport,1
lounge,1
passes,1
using,2
booking,1
quote,1
xy,3
mila,2
blonde,2
mtalk,2
pp,2
increments,2
mobstorequiz,1
funk,2
twinks,1
scallies,1
skins,1
jocks,1
nat,5
iscoming,2
tnc,2
blu,2
concert,1
november,1
single,1
cncl,1
stopcs,1
åòharry,1
tms,2
widelive,2
index,2
wml,2
id,3
ecef,1
ff,1
jul,1
oh,1
god,1
found,1
glad,1
xafter,1
cst,1
chg,1
picture,1
alto,1
wave,2
asp,2
hf,1
xxxxx,1
pushbutton,1
dontcha,1
babygoodbye,1
golddigger,1
webeburnin,1
gnarls,1
barkleys,1
totally,1
secured,1
unsecured,1
picked,4
housewives,2
landlines,2
receiving,2
triple,1
echo,1
dial,1
accessible,1
ldns,1
tbs,1
persolvo,1
chasing,1
forå,1
definitely,1
paying,1
ignore,1
kath,1
manchester,1
loans,1
bad,1
noworriesloans,1
season,1
wks,2
villa,1
brings,1
heroes,1
tips,1
gsoh,1
spam,1
gigolo,1
mens,1
oncall,1
mjzgroup,1
ukp,1
spjanuary,1
simpsons,1
released,1
band,1
died,1
film,2
green,1
blue,1
amanda,1
regard,1
renewing,1
upgrading,1
current,2
tel,1
subject,1
wtlp,1
spanish,2
ez,1
cmon,1
sticky,1
replies,1
prizeawaiting,1
called,1
left,1
indicate,2
accident,2
colours,1
gprs,1
accordingly,1
repeat,1
block,1
breaker,1
deluxe,1
format,1
features,1
graphics,1
bbdeluxe,1
challenge,1
natalja,2
kit,1
strip,1
ig,1
oja,1
thesmszone,1
anonymous,1
masked,1
sending,2
potential,1
abuse,1
polyh,2
shy,1
complete,1
landmark,1
bob,1
barry,1
ben,1
tonexs,1
renewed,1
clubzed,1
billing,1
polo,2
busy,2
recpt,1
processed,1
subscribers,1
headset,1
adp,1
floppy,1
snappy,1
happy,1
giving,1
mgs,1
explicit,2
secs,2
proze,1
norcorp,1
items,1
cfca,1
wining,1
wot,1
cock,1
wife,1
strings,1
rec,1
ea,1
otbox,1
ws,1
sexiest,1
dirtiest,1
utxt,1
laugh,1
chit,1
logon,1
zf,1
ppmmobilesvary,1
mnths,2
mnth,2
txtstop,2
recorder,1
canname,1
capital,1
australia,1
mquiz,1
ripped,1
clubmoby,1
randomly,2
loyal,2
customers,2
chloe,1
smashed,1
missing,1
rayman,1
golf,1
activ,1
key,1
termsapply,1
axel,1
akon,1
black,1
eyed,1
cashbin,2
continued,1
support,2
president,1
santa,4
ones,2
santacalling,1
videos,1
shsex,1
netun,1
fgkslpopw,1
fgkslpo,1
skip,1
customercare,1
lyricalladie,1
hmmross,1
ou,1
sn,1
nr,1
zs,1
warner,2
village,2
colin,1
farrell,1
swat,1
wkend,1
popcorn,1
ticket,1
kiosk,2
mre,1
goal,2
henry,2
scores,1
simple,1
shot,1
yards,1
bergkamp,1
margin,1
sexychat,1
amy,1
couple,1
parties,1
select,1
added,2
benefits,1
trained,1
advisors,1
dialling,1
meal,1
dining,2
experiencehttp,1
vouch,1
etlp,1
donate,2
unicef,1
asian,1
tsunami,1
disaster,1
fund,1
texting,1
goldviking,2
phony,1
xxxx,1
freeentry,1
xt,1
meg,1
deepest,1
darkest,1
natalie,2
wallpaper,3
accommodationvouchers,1
mustprovide,1
perweeksub,1
pink,1
panther,1
sugababes,1
zebra,1
animation,1
badass,1
hoody,1
resent,1
previous,1
failed,1
due,2
error,1
queries,1
customersqueries,1
netvision,1
vco,1
garden,2
bulbs,2
seeds,2
scotsman,2
notxt,2
ree,1
maybe,2
compensation,1
telediscount,1
someonone,1
follows,1
subsequent,1
erotic,1
ecstacy,1
dept,1
started,1
radio,1
connection,1
coincidence,1
leading,1
pause,1
psp,1
legitimat,1
efreefone,1
wat,1
police,1
station,1
toilet,1
stolen,1
cops,1
sparkling,1
breaks,1
person,1
shortbreaks,1
org,1
gamb,1
ad,1
trueåác,1
ringtoneåá,1
planettalkinstant,1
marvel,1
ultimate,1
spider,2
ball,1
gsex,1
chatlines,1
inclu,1
india,1
servs,1
sed,1
mega,1
giv,1
shit,1
bailiff,1
house,1
